TP,TN,FP,FN,Accuracy,Precision,Recall,F1
43833,41777,926,4008,0.9455071567414738,0.9793114234008803,0.9162224869881482,0.9467170626349892
